,idx,balancing
0,0,1.3
1,1,2.0
2,2,1.6
3,3,1.55
4,4,2.0
5,5,1.4
6,6,1.0
7,7,2.0
8,8,1.35
9,9,1.5
10,10,1.27
11,11,1.0
12,12,1.5
13,13,1.45
14,14,1.0
15,15,1.0
16,16,1.0
17,17,1.45
18,18,2.0
19,19,1.4
20,20,1.5
21,21,1.0
22,22,1.9
23,23,1.73
24,24,1.35
25,25,1.35
26,26,1.0
27,27,1.15
28,28,1.5
29,29,1.55
30,30,1.0
31,31,1.0
32,32,1.5
33,33,1.55
34,34,1.3
35,35,1.24
36,36,1.0
37,37,1.0
38,38,2.0
39,39,1.95
40,40,1.0
41,41,2.0
42,42,1.43
43,43,1.4
44,44,1.0
45,45,1.5
46,46,2.0
47,47,2.0
48,48,1.1
49,49,1.5
50,50,1.35
51,51,1.35
52,52,1.0
53,53,1.52
54,54,1.45
55,55,1.55
56,56,1.5
57,57,1.45
58,58,1.4
59,59,2.0
60,60,1.0
61,61,1.5
62,62,2.0
63,63,1.0
64,64,2.0
65,65,2.0
66,66,1.4
67,67,2.0
68,68,1.55
69,69,1.0
70,70,2.0
71,71,2.0
72,72,2.0
73,73,1.0
74,74,1.5
75,75,1.1
76,76,1.95
77,77,1.0
78,78,1.0
79,79,2.0
80,80,1.0
81,81,1.65
82,82,1.9
83,83,1.0
84,84,1.6
85,85,1.7
86,86,1.35
87,87,1.35
88,88,1.7
89,89,2.0
90,90,1.5
91,91,2.0
92,92,1.0
93,93,1.0
94,94,1.5
95,95,2.0
96,96,1.5
97,97,2.0
98,98,1.5
99,99,1.0
100,100,1.65
101,101,2.0
102,102,2.0
103,103,1.25
104,104,2.0
105,105,1.0
106,106,1.0
107,107,1.4
108,108,1.5
109,109,2.0
110,110,1.0
111,111,1.7
112,112,1.5
113,113,2.0
114,114,1.25
115,115,1.45
116,116,1.75
117,117,1.25
118,118,2.0
119,119,1.0
120,120,1.5
121,121,1.57
122,122,1.5
123,123,1.45
124,124,1.6
125,125,1.4
126,126,1.05
127,127,1.65
128,128,2.0
129,129,1.15
130,130,1.5
131,131,1.5
132,132,1.7
133,133,1.5
134,134,1.0
135,135,1.1
136,136,1.48
137,137,1.0
138,138,1.0
139,139,2.0
140,140,1.0
141,141,1.5
142,142,2.0
143,143,2.0
144,144,2.0
145,145,1.05
146,146,1.5
147,147,1.65
148,148,2.0
149,149,1.5
150,150,1.0
151,151,2.0
152,152,1.0
153,153,1.0
154,154,1.4
155,155,1.5
156,156,1.35
157,157,1.0
158,158,1.5
159,159,2.0
160,160,1.19
161,161,1.5
162,162,2.0
163,163,1.5
164,164,2.0
165,165,2.0
166,166,2.0
167,167,1.4
168,168,2.0
169,169,1.0
170,170,1.75
171,171,2.0
172,172,1.2
173,173,2.0
174,174,1.3
175,175,1.0
176,176,2.0
177,177,2.0
178,178,1.75
179,179,1.05
180,180,1.0
181,181,2.0
182,182,1.0
183,183,1.05
184,184,1.15
185,185,1.3
186,186,2.0
187,187,1.0
188,188,1.15
189,189,2.0
190,190,1.35
191,191,1.0
192,192,2.0
193,193,1.55
194,194,1.0
195,195,1.0
196,196,2.0
197,197,1.05
198,198,1.45
199,199,1.15
200,200,1.0
201,201,1.0
202,202,2.0
203,203,1.7
204,204,1.5
205,205,1.45
206,206,1.0
207,207,1.0
208,208,1.4
209,209,1.0
210,210,1.35
211,211,1.35
212,212,1.45
213,213,1.5
214,214,1.45
215,215,1.65
216,216,2.0
217,217,1.48
218,218,2.0
219,219,1.4
220,220,1.6
221,221,2.0
222,222,2.0
223,223,1.6
224,224,1.5
225,225,1.0
226,226,1.9
227,227,1.0
228,228,1.5
229,229,1.4
230,230,1.0
231,231,2.0
232,232,1.6
233,233,1.0
234,234,1.0
235,235,1.0
236,236,1.35
237,237,1.25
238,238,1.75
239,239,2.0
240,240,1.0
241,241,2.0
242,242,1.0
243,243,1.1
244,244,1.0
245,245,1.0
246,246,1.35
247,247,1.45
248,248,2.0
249,249,1.57
250,250,2.0
251,251,1.5
252,252,1.0
253,253,1.85
254,254,1.0
255,255,1.05
256,256,1.57
257,257,1.3
258,258,1.0
259,259,2.0
260,260,1.15
261,261,2.0
262,262,1.0
263,263,1.35
264,264,1.35
265,265,1.0
266,266,1.0
267,267,1.4
268,268,1.5
269,269,1.45
270,270,1.4
271,271,1.65
272,272,1.3
273,273,1.0
274,274,1.5
275,275,1.3
276,276,1.0
277,277,1.4
278,278,2.0
279,279,1.5
280,280,1.05
281,281,1.85
282,282,1.0
283,283,1.86
284,284,2.0
285,285,1.85
286,286,2.0
287,287,1.29
288,288,2.0
289,289,2.0
290,290,2.0
291,291,2.0
292,292,1.5
293,293,1.0
294,294,1.45
295,295,1.0
296,296,1.8
297,297,1.3
298,298,2.0
299,299,2.0
300,300,1.05
301,301,1.5
302,302,1.0
303,303,1.0
304,304,1.35
305,305,1.2
306,306,2.0
307,307,1.6
308,308,2.0
309,309,1.65
310,310,2.0
311,311,1.46
312,312,1.0
313,313,2.0
314,314,1.95
315,315,1.2
316,316,1.5
317,317,2.0
318,318,1.0
319,319,1.1
320,320,2.0
321,321,1.55
322,322,1.25
323,323,1.0
324,324,1.95
325,325,1.05
326,326,1.0
327,327,2.0
328,328,1.0
329,329,1.0
330,330,1.4
331,331,2.0
332,332,1.0
333,333,1.45
334,334,2.0
335,335,1.3
336,336,1.0
337,337,1.6
338,338,1.5
339,339,1.95
340,340,1.0
341,341,1.56
342,342,1.55
343,343,1.0
344,344,1.0
345,345,1.1
346,346,1.5
347,347,1.45
348,348,1.95
349,349,1.15
350,350,2.0
351,351,2.0
352,352,1.9
353,353,1.5
354,354,2.0
355,355,2.0
356,356,2.0
357,357,1.45
358,358,2.0
359,359,1.0
360,360,1.5
361,361,2.0
362,362,1.15
363,363,2.0
364,364,2.0
365,365,1.45
366,366,1.6
367,367,1.4
368,368,1.6
369,369,1.5
370,370,1.2
371,371,1.3
372,372,1.55
373,373,2.0
374,374,1.0
375,375,2.0
376,376,2.0
377,377,2.0
378,378,1.4
379,379,1.0
380,380,1.95
381,381,2.0
382,382,1.0
383,383,2.0
384,384,1.25
385,385,1.5
386,386,1.5
387,387,1.5
388,388,1.05
389,389,1.0
390,390,1.2
391,391,1.5
392,392,1.0
393,393,1.5
394,394,1.0
395,395,1.0
396,396,1.5
397,397,1.0
398,398,1.2
399,399,1.35
400,400,2.0
401,401,1.6
402,402,1.0
403,403,1.0
404,404,1.45
405,405,1.55
406,406,1.0
407,407,1.5
408,408,1.4
409,409,2.0
410,410,1.4
411,411,2.0
412,412,1.0
413,413,1.9
414,414,1.45
415,415,2.0
416,416,1.0
417,417,1.7
418,418,2.0
419,419,1.4
420,420,1.29
421,421,1.38
422,422,2.0
423,423,1.5
424,424,1.5
425,425,1.5
426,426,2.0
427,427,1.0
428,428,1.0
429,429,1.0
430,430,1.5
431,431,1.0
432,432,1.0
433,433,1.0
434,434,1.6
435,435,1.0
436,436,2.0
437,437,1.5
438,438,1.3
439,439,1.0
440,440,1.86
441,441,1.2
442,442,1.55
443,443,2.0
444,444,1.95
445,445,2.0
446,446,1.85
447,447,2.0
448,448,1.25
449,449,1.64
450,450,2.0
451,451,1.0
452,452,1.0
453,453,1.0
454,454,1.3
455,455,1.45
456,456,2.0
457,457,1.9
458,458,1.81
459,459,2.0
460,460,1.5
461,461,1.25
462,462,1.5
463,463,1.0
464,464,1.9
465,465,1.0
466,466,2.0
467,467,1.3
468,468,2.0
469,469,1.5
470,470,2.0
471,471,1.35
472,472,1.3
473,473,2.0
474,474,1.62
475,475,1.0
476,476,1.35
477,477,1.5
478,478,1.8
479,479,1.0
480,480,1.4
481,481,1.4
482,482,2.0
483,483,2.0
484,484,1.6
485,485,1.1
486,486,1.55
487,487,1.0
488,488,2.0
489,489,1.0
490,490,1.0
491,491,2.0
492,492,1.48
493,493,1.3
494,494,1.0
495,495,1.67
496,496,1.45
497,497,1.15
498,498,1.4
499,499,2.0
500,500,2.0
501,501,1.0
502,502,1.5
503,503,2.0
504,504,1.45
505,505,1.65
506,506,1.5
507,507,1.0
508,508,1.55
509,509,1.9
510,510,1.5
511,511,1.0
512,512,2.0
513,513,1.65
514,514,2.0
515,515,1.0
516,516,2.0
517,517,2.0
518,518,1.5
519,519,1.4
520,520,1.0
521,521,1.65
522,522,1.6
523,523,1.55
524,524,1.8
525,525,1.6
526,526,1.0
527,527,1.0
528,528,1.15
529,529,1.1
530,530,1.55
531,531,1.05
532,532,2.0
533,533,1.0
534,534,1.0
535,535,1.65
536,536,1.25
537,537,2.0
538,538,2.0
539,539,2.0
540,540,1.5
541,541,1.0
542,542,1.0
543,543,1.5
544,544,1.5
545,545,2.0
546,546,2.0
547,547,1.25
548,548,1.5
549,549,1.7
550,550,1.0
551,551,1.5
552,552,1.2
553,553,2.0
554,554,1.55
555,555,1.25
556,556,1.5
557,557,1.3
558,558,2.0
559,559,1.4
560,560,2.0
561,561,1.9
562,562,1.35
563,563,1.0
564,564,1.0
565,565,1.8
566,566,1.5
567,567,1.15
568,568,2.0
569,569,1.6
570,570,1.4
571,571,1.25
572,572,1.5
573,573,1.75
574,574,1.95
575,575,1.0
576,576,2.0
577,577,1.2
578,578,1.0
579,579,1.25
580,580,1.6
581,581,1.4
582,582,1.0
583,583,1.36
584,584,1.57
585,585,1.6
586,586,1.5
587,587,2.0
588,588,1.0
589,589,2.0
590,590,1.41
591,591,1.45
592,592,1.5
593,593,1.5
594,594,1.5
595,595,1.44
596,596,2.0
597,597,2.0
598,598,1.95
599,599,2.0
600,600,1.0
601,601,1.6
602,602,1.3
603,603,2.0
604,604,1.0
605,605,2.0
606,606,2.0
607,607,1.0
608,608,1.4
609,609,1.5
610,610,1.5
611,611,1.0
612,612,1.0
613,613,2.0
614,614,1.6
615,615,2.0
616,616,1.7
617,617,1.0
618,618,1.45
619,619,1.4
620,620,1.5
621,621,1.55
622,622,1.55
623,623,1.45
624,624,1.5
625,625,2.0
626,626,2.0
627,627,1.6
628,628,2.0
629,629,1.0
630,630,1.0
631,631,2.0
632,632,1.3
633,633,1.2
634,634,1.5
635,635,2.0
636,636,1.0
637,637,2.0
638,638,2.0
639,639,2.0
640,640,2.0
641,641,2.0
642,642,1.9
643,643,1.5
644,644,1.0
645,645,1.3
646,646,2.0
647,647,1.1
648,648,1.0
649,649,1.65
650,650,1.65
651,651,1.45
652,652,1.5
653,653,1.62
654,654,1.8
655,655,2.0
656,656,1.05
657,657,1.25
658,658,1.6
659,659,1.45
660,660,1.45
661,661,1.2
662,662,2.0
663,663,1.0
664,664,1.25
665,665,1.0
666,666,2.0
667,667,2.0
668,668,1.8
669,669,1.15
670,670,1.0
671,671,1.0
672,672,1.25
673,673,1.65
674,674,1.38
675,675,1.45
676,676,1.62
677,677,2.0
678,678,1.18
679,679,1.0
680,680,1.3
681,681,1.0
682,682,2.0
683,683,1.6
684,684,1.9
685,685,1.0
686,686,1.85
687,687,1.5
688,688,1.5
689,689,1.0
690,690,2.0
691,691,1.05
692,692,2.0
693,693,1.55
694,694,1.0
695,695,1.5
696,696,1.2
697,697,2.0
698,698,1.0
699,699,1.0
700,700,1.0
701,701,1.55
702,702,1.0
703,703,2.0
704,704,1.5
705,705,1.15
706,706,1.0
707,707,1.4
708,708,1.81
709,709,1.75
710,710,1.35
711,711,1.3
712,712,1.3
713,713,1.0
714,714,1.0
715,715,2.0
716,716,1.65
717,717,2.0
718,718,2.0
719,719,1.55
720,720,1.45
721,721,1.5
722,722,1.5
723,723,1.15
724,724,1.63
725,725,1.4
726,726,1.05
727,727,1.6
728,728,1.55
729,729,1.0
730,730,1.55
731,731,2.0
732,732,1.0
733,733,2.0
734,734,1.0
735,735,1.45
736,736,1.4
737,737,1.52
738,738,1.5
739,739,1.8
740,740,1.0
741,741,1.0
742,742,1.0
743,743,1.67
744,744,1.9
745,745,1.44
746,746,1.55
747,747,1.7
748,748,1.2
749,749,1.0
750,750,1.5
751,751,1.0
752,752,1.1
753,753,1.25
754,754,1.45
755,755,1.6
756,756,1.7
757,757,2.0
758,758,1.0
759,759,1.15
760,760,1.9
761,761,2.0
762,762,1.5
763,763,1.5
764,764,1.5
765,765,1.45
766,766,1.7
767,767,1.2
768,768,1.41
769,769,1.95
770,770,1.3
771,771,1.8
772,772,2.0
773,773,1.45
774,774,2.0
775,775,1.43
776,776,1.15
777,777,1.41
778,778,2.0
779,779,1.1
780,780,1.6
781,781,1.0
782,782,1.5
783,783,1.65
784,784,2.0
785,785,1.45
786,786,1.75
787,787,1.6
788,788,1.7
789,789,1.5
790,790,1.5
791,791,2.0
792,792,1.57
793,793,1.0
794,794,1.3
795,795,2.0
796,796,2.0
797,797,2.0
798,798,1.75
799,799,1.8
800,800,1.5
801,801,1.95
802,802,2.0
803,803,1.3
804,804,1.5
805,805,1.5
806,806,1.8
807,807,1.5
808,808,1.0
809,809,1.25
810,810,1.6
811,811,1.5
812,812,1.2
813,813,1.0
814,814,1.35
815,815,1.65
816,816,1.3
817,817,1.35
818,818,1.0
819,819,1.4
820,820,1.3
821,821,1.85
822,822,1.5
823,823,2.0
824,824,1.85
825,825,1.95
826,826,1.0
827,827,2.0
828,828,1.0
829,829,1.75
830,830,1.2
831,831,1.55
832,832,1.0
833,833,1.4
834,834,1.8
835,835,1.67
836,836,2.0
837,837,2.0
838,838,1.38
839,839,2.0
840,840,1.8
841,841,1.1
842,842,2.0
843,843,1.4
844,844,1.1
845,845,1.85
846,846,1.0
847,847,1.0
848,848,1.25
849,849,1.25
850,850,2.0
851,851,1.3
852,852,2.0
853,853,2.0
854,854,1.55
855,855,1.5
856,856,1.0
857,857,1.55
858,858,2.0
859,859,2.0
860,860,2.0
861,861,1.65
862,862,1.0
863,863,1.85
864,864,1.05
865,865,1.4
866,866,1.15
867,867,1.4
868,868,2.0
869,869,1.0
870,870,1.0
871,871,1.0
872,872,1.5
873,873,1.45
874,874,1.05
875,875,1.5
876,876,2.0
877,877,2.0
878,878,1.35
879,879,1.45
880,880,1.0
881,881,1.0
882,882,2.0
883,883,1.0
884,884,2.0
885,885,2.0
886,886,1.2
887,887,1.0
888,888,1.71
889,889,2.0
890,890,1.15
891,891,1.0
892,892,1.25
893,893,1.55
894,894,2.0
895,895,1.35
896,896,1.3
897,897,1.15
898,898,1.86
899,899,1.0
900,900,1.0
901,901,1.5
902,902,1.4
903,903,2.0
904,904,1.0
905,905,1.51
906,906,2.0
907,907,1.5
908,908,1.45
909,909,1.55
910,910,1.5
911,911,1.0
912,912,2.0
913,913,2.0
914,914,1.7
915,915,1.0
916,916,2.0
917,917,1.0
918,918,1.4
919,919,1.2
920,920,1.7
921,921,1.25
922,922,1.0
923,923,1.0
924,924,1.0
925,925,1.0
926,926,1.6
927,927,1.5
928,928,2.0
929,929,2.0
930,930,2.0
931,931,1.5
932,932,2.0
933,933,1.0
934,934,1.45
935,935,1.5
936,936,2.0
937,937,1.5
938,938,2.0
939,939,1.75
940,940,1.0
941,941,1.3
942,942,1.0
943,943,1.0
944,944,1.5
945,945,1.2
946,946,1.19
947,947,1.0
948,948,1.0
949,949,1.55
950,950,1.5
951,951,2.0
952,952,2.0
953,953,1.55
954,954,1.65
955,955,1.5
956,956,1.6
957,957,1.0
958,958,1.4
959,959,1.35
960,960,1.29
961,961,1.0
962,962,1.8
963,963,1.3
964,964,1.7
965,965,2.0
966,966,1.35
967,967,1.0
968,968,1.35
969,969,2.0
970,970,1.42
971,971,1.0
972,972,1.6
973,973,1.25
974,974,1.35
975,975,1.5
976,976,1.25
977,977,2.0
978,978,1.8
979,979,2.0
980,980,1.0
981,981,1.7
982,982,1.0
983,983,2.0
984,984,1.45
985,985,1.35
986,986,1.0
987,987,1.25
988,988,2.0
989,989,2.0
990,990,1.0
991,991,1.83
992,992,2.0
993,993,1.0
994,994,1.75
995,995,1.25
996,996,1.3
997,997,1.75
998,998,1.43
999,999,1.52
1000,1000,1.35
1001,1001,1.74
1002,1002,1.4
1003,1003,1.4
1004,1004,2.0
1005,1005,1.5
1006,1006,1.45
1007,1007,1.48
1008,1008,1.4
1009,1009,1.57
1010,1010,1.05
1011,1011,1.0
1012,1012,1.0
1013,1013,2.0
1014,1014,1.0
1015,1015,2.0
1016,1016,1.85
1017,1017,2.0
1018,1018,2.0
1019,1019,1.0
1020,1020,1.0
1021,1021,1.35
1022,1022,1.2
1023,1023,1.5
1024,1024,1.3
1025,1025,1.55
1026,1026,1.0
1027,1027,1.5
1028,1028,2.0
1029,1029,2.0
1030,1030,1.0
1031,1031,1.0
1032,1032,1.45
1033,1033,1.0
1034,1034,1.25
1035,1035,2.0
1036,1036,2.0
1037,1037,1.29
1038,1038,1.4
1039,1039,2.0
1040,1040,1.48
1041,1041,1.65
1042,1042,1.5
1043,1043,2.0
1044,1044,2.0
1045,1045,1.5
1046,1046,1.45
1047,1047,1.6
1048,1048,2.0
1049,1049,1.6
1050,1050,1.5
1051,1051,2.0
1052,1052,1.8
1053,1053,1.0
1054,1054,1.6
1055,1055,1.0
1056,1056,1.45
1057,1057,1.05
1058,1058,1.5
1059,1059,1.0
1060,1060,1.42
1061,1061,1.8
1062,1062,1.0
1063,1063,1.95
1064,1064,1.75
1065,1065,1.0
1066,1066,2.0
1067,1067,1.5
1068,1068,2.0
1069,1069,1.0
1070,1070,1.3
1071,1071,1.55
1072,1072,1.9
1073,1073,1.6
1074,1074,1.0
1075,1075,2.0
1076,1076,2.0
1077,1077,1.52
1078,1078,1.43
1079,1079,1.7
1080,1080,1.0
1081,1081,1.45
1082,1082,1.45
1083,1083,2.0
1084,1084,2.0
1085,1085,2.0
1086,1086,2.0
1087,1087,1.0
1088,1088,1.5
1089,1089,2.0
1090,1090,1.5
1091,1091,1.0
1092,1092,1.0
1093,1093,1.6
1094,1094,1.0
1095,1095,1.0
1096,1096,2.0
1097,1097,2.0
1098,1098,1.5
1099,1099,1.0
1100,1100,1.45
1101,1101,1.35
1102,1102,1.5
1103,1103,1.5
1104,1104,2.0
1105,1105,2.0
1106,1106,2.0
1107,1107,1.54
1108,1108,1.5
1109,1109,1.2
1110,1110,2.0
1111,1111,1.5
1112,1112,1.52
1113,1113,1.85
1114,1114,1.5
1115,1115,1.75
1116,1116,2.0
1117,1117,1.2
1118,1118,1.25
1119,1119,2.0
1120,1120,1.41
1121,1121,1.5
1122,1122,1.55
1123,1123,1.7
1124,1124,1.43
1125,1125,1.4
1126,1126,2.0
1127,1127,1.35
1128,1128,2.0
1129,1129,1.0
1130,1130,1.52
1131,1131,1.5
1132,1132,1.15
1133,1133,1.0
1134,1134,1.05
1135,1135,1.15
1136,1136,1.4
1137,1137,1.5
1138,1138,1.65
1139,1139,1.2
1140,1140,2.0
1141,1141,2.0
1142,1142,1.5
1143,1143,2.0
1144,1144,1.2
1145,1145,1.5
1146,1146,1.0
1147,1147,2.0
1148,1148,2.0
1149,1149,1.46
1150,1150,1.0
1151,1151,2.0
1152,1152,2.0
1153,1153,1.0
1154,1154,1.1
1155,1155,1.0
1156,1156,1.0
1157,1157,2.0
1158,1158,1.0
1159,1159,1.5
1160,1160,1.0
1161,1161,1.05
1162,1162,2.0
1163,1163,1.38
1164,1164,1.2
1165,1165,1.95
1166,1166,2.0
1167,1167,1.4
1168,1168,1.0
1169,1169,2.0
1170,1170,1.6
1171,1171,1.05
1172,1172,1.38
1173,1173,1.5
1174,1174,1.0
1175,1175,1.57
1176,1176,1.4
1177,1177,1.3
1178,1178,1.45
1179,1179,1.5
1180,1180,1.24
1181,1181,1.0
1182,1182,1.45
1183,1183,2.0
1184,1184,1.35
1185,1185,1.25
1186,1186,2.0
1187,1187,1.4
1188,1188,1.0
1189,1189,1.6
1190,1190,2.0
1191,1191,1.5
1192,1192,1.45
1193,1193,1.0
1194,1194,2.0
1195,1195,1.05
1196,1196,1.2
1197,1197,1.45
1198,1198,2.0
1199,1199,1.0
1200,1200,1.0
1201,1201,1.5
1202,1202,2.0
1203,1203,1.0
1204,1204,1.55
1205,1205,1.38
1206,1206,2.0
1207,1207,1.29
1208,1208,1.15
1209,1209,1.0
1210,1210,1.65
1211,1211,1.0
1212,1212,1.0
1213,1213,1.4
1214,1214,1.6
1215,1215,2.0
1216,1216,1.15
1217,1217,1.0
1218,1218,1.0
1219,1219,1.5
1220,1220,1.4
1221,1221,1.33
1222,1222,1.45
1223,1223,1.75
1224,1224,1.6
1225,1225,1.35
1226,1226,2.0
1227,1227,1.6
1228,1228,1.65
1229,1229,1.0
1230,1230,1.5
1231,1231,1.4
1232,1232,1.0
1233,1233,1.55
1234,1234,1.0
1235,1235,1.4
1236,1236,1.4
1237,1237,1.45
1238,1238,1.0
1239,1239,1.95
1240,1240,1.5
1241,1241,1.0
1242,1242,2.0
1243,1243,1.2
1244,1244,1.15
1245,1245,1.8
1246,1246,1.0
1247,1247,1.0
1248,1248,1.0
1249,1249,1.0
1250,1250,2.0
1251,1251,2.0
1252,1252,2.0
1253,1253,1.35
1254,1254,1.1
1255,1255,1.55
1256,1256,1.0
1257,1257,2.0
1258,1258,1.35
1259,1259,1.5
1260,1260,1.0
1261,1261,1.45
1262,1262,1.55
1263,1263,1.0
1264,1264,1.5
1265,1265,1.15
1266,1266,1.5
1267,1267,1.2
1268,1268,1.2
1269,1269,1.55
1270,1270,2.0
1271,1271,1.45
1272,1272,1.0
1273,1273,1.0
1274,1274,2.0
1275,1275,1.95
1276,1276,1.45
1277,1277,2.0
1278,1278,2.0
1279,1279,2.0
1280,1280,1.3
1281,1281,2.0
1282,1282,1.5
1283,1283,2.0
1284,1284,1.0
1285,1285,1.5
1286,1286,1.0
1287,1287,1.4
1288,1288,1.85
1289,1289,1.0
1290,1290,1.35
1291,1291,1.6
1292,1292,1.67
1293,1293,1.5
1294,1294,1.3
1295,1295,1.45
1296,1296,1.0
1297,1297,1.19
1298,1298,2.0
1299,1299,1.95
1300,1300,1.35
1301,1301,1.8
1302,1302,2.0
1303,1303,1.43
1304,1304,1.0
1305,1305,2.0
1306,1306,2.0
1307,1307,1.0
1308,1308,1.5
1309,1309,1.0
1310,1310,2.0
1311,1311,1.25
1312,1312,1.3
1313,1313,2.0
1314,1314,2.0
1315,1315,1.0
1316,1316,1.8
1317,1317,1.0
1318,1318,2.0
1319,1319,1.95
1320,1320,1.15
1321,1321,1.65
1322,1322,1.55
1323,1323,1.5
1324,1324,1.0
1325,1325,1.43
1326,1326,1.4
1327,1327,1.0
1328,1328,1.05
1329,1329,1.95
1330,1330,2.0
1331,1331,1.43
1332,1332,1.0
1333,1333,2.0
1334,1334,1.25
1335,1335,1.4
1336,1336,2.0
1337,1337,1.0
1338,1338,1.0
1339,1339,1.15
1340,1340,1.0
1341,1341,1.24
1342,1342,1.3
1343,1343,1.0
1344,1344,2.0
1345,1345,1.35
1346,1346,1.65
1347,1347,1.5
1348,1348,1.5
1349,1349,2.0
1350,1350,1.05
1351,1351,1.64
1352,1352,1.5
1353,1353,2.0
1354,1354,2.0
1355,1355,2.0
1356,1356,1.4
1357,1357,1.1
1358,1358,1.0
1359,1359,1.6
1360,1360,1.05
1361,1361,1.0
1362,1362,1.55
1363,1363,1.75
1364,1364,1.5
1365,1365,1.38
1366,1366,1.25
1367,1367,1.3
1368,1368,1.41
1369,1369,1.3
1370,1370,1.5
1371,1371,1.6
1372,1372,1.5
1373,1373,1.0
1374,1374,2.0
1375,1375,1.0
1376,1376,1.5
1377,1377,2.0
1378,1378,2.0
1379,1379,1.35
1380,1380,1.95
1381,1381,1.6
1382,1382,2.0
1383,1383,1.25
1384,1384,2.0
1385,1385,1.0
1386,1386,1.4
1387,1387,1.0
1388,1388,1.3
1389,1389,1.0
1390,1390,2.0
1391,1391,1.55
1392,1392,1.35
1393,1393,1.0
1394,1394,2.0
1395,1395,2.0
1396,1396,1.0
1397,1397,1.0
1398,1398,1.33
1399,1399,1.55
1400,1400,1.75
1401,1401,1.8
1402,1402,1.76
1403,1403,1.0
1404,1404,1.5
1405,1405,1.0
1406,1406,1.0
1407,1407,1.3
1408,1408,1.5
1409,1409,1.7
1410,1410,1.75
1411,1411,1.6
1412,1412,1.52
1413,1413,1.0
1414,1414,1.3
1415,1415,1.5
1416,1416,1.0
1417,1417,1.0
1418,1418,1.65
1419,1419,1.7
1420,1420,1.55
1421,1421,2.0
1422,1422,1.15
1423,1423,1.75
1424,1424,1.45
1425,1425,2.0
1426,1426,2.0
1427,1427,1.0
1428,1428,2.0
1429,1429,1.48
1430,1430,2.0
1431,1431,1.0
1432,1432,1.7
1433,1433,1.4
1434,1434,1.71
1435,1435,1.0
1436,1436,2.0
1437,1437,1.45
1438,1438,1.4
1439,1439,1.5
1440,1440,1.4
1441,1441,1.8
1442,1442,1.75
1443,1443,1.0
1444,1444,2.0
1445,1445,2.0
1446,1446,2.0
1447,1447,1.4
1448,1448,1.75
1449,1449,1.3
1450,1450,1.0
1451,1451,1.3
1452,1452,1.5
1453,1453,1.2
1454,1454,1.0
1455,1455,2.0
1456,1456,2.0
1457,1457,1.0
1458,1458,1.6
1459,1459,1.4
1460,1460,1.25
1461,1461,2.0
1462,1462,1.5
1463,1463,1.0
1464,1464,1.81
1465,1465,1.6
1466,1466,1.0
1467,1467,2.0
1468,1468,2.0
1469,1469,2.0
1470,1470,1.7
1471,1471,2.0
1472,1472,1.3
1473,1473,1.0
1474,1474,1.45
1475,1475,1.38
1476,1476,2.0
1477,1477,1.5
1478,1478,1.5
1479,1479,2.0
1480,1480,1.25
1481,1481,1.0
1482,1482,1.2
1483,1483,1.45
1484,1484,1.0
1485,1485,2.0
1486,1486,1.0
1487,1487,2.0
1488,1488,1.4
1489,1489,2.0
1490,1490,2.0
1491,1491,2.0
1492,1492,1.0
1493,1493,2.0
1494,1494,1.0
1495,1495,2.0
1496,1496,1.0
1497,1497,1.0
1498,1498,2.0
1499,1499,1.35
1500,1500,1.0
1501,1501,1.0
1502,1502,1.13
1503,1503,1.0
1504,1504,1.5
1505,1505,1.25
1506,1506,2.0
1507,1507,1.0
1508,1508,1.6
1509,1509,1.0
1510,1510,1.67
1511,1511,1.38
1512,1512,1.38
1513,1513,1.0
1514,1514,1.5
1515,1515,1.0
1516,1516,1.2
1517,1517,1.0
1518,1518,1.0
1519,1519,2.0
1520,1520,1.52
1521,1521,1.55
1522,1522,2.0
1523,1523,1.0
1524,1524,1.4
1525,1525,1.4
1526,1526,1.0
1527,1527,1.25
1528,1528,2.0
1529,1529,1.7
1530,1530,2.0
1531,1531,2.0
1532,1532,1.4
1533,1533,2.0
1534,1534,1.7
1535,1535,1.45
1536,1536,1.2
1537,1537,1.8
1538,1538,1.85
1539,1539,1.5
1540,1540,1.0
1541,1541,2.0
1542,1542,1.85
1543,1543,1.0
1544,1544,1.0
1545,1545,1.55
1546,1546,1.0
1547,1547,2.0
1548,1548,1.7
1549,1549,1.15
1550,1550,1.0
1551,1551,1.25
1552,1552,2.0
1553,1553,2.0
1554,1554,1.75
1555,1555,1.75
1556,1556,2.0
1557,1557,1.45
1558,1558,2.0
1559,1559,1.0
1560,1560,1.35
1561,1561,1.25
1562,1562,1.0
1563,1563,1.45
1564,1564,1.85
1565,1565,1.4
1566,1566,1.1
1567,1567,1.0
1568,1568,1.35
1569,1569,1.38
1570,1570,1.8
1571,1571,1.2
1572,1572,1.25
1573,1573,1.35
1574,1574,1.5
1575,1575,1.0
1576,1576,2.0
1577,1577,1.0
1578,1578,1.15
1579,1579,1.25
1580,1580,1.5
1581,1581,1.0
1582,1582,2.0
1583,1583,1.2
1584,1584,1.15
1585,1585,2.0
1586,1586,1.4
1587,1587,1.45
1588,1588,1.0
1589,1589,1.45
1590,1590,1.4
1591,1591,2.0
1592,1592,1.0
1593,1593,1.95
1594,1594,1.5
1595,1595,2.0
1596,1596,1.0
1597,1597,2.0
1598,1598,1.0
1599,1599,1.77
1600,1600,2.0
1601,1601,1.0
1602,1602,1.2
1603,1603,1.4
1604,1604,1.43
1605,1605,1.5
1606,1606,1.8
1607,1607,2.0
1608,1608,1.5
1609,1609,1.1
1610,1610,1.0
1611,1611,1.25
1612,1612,1.55
1613,1613,1.3
1614,1614,2.0
1615,1615,1.3
1616,1616,1.6
1617,1617,1.65
1618,1618,1.0
1619,1619,1.95
1620,1620,2.0
1621,1621,1.15
1622,1622,1.45
1623,1623,2.0
1624,1624,1.05
1625,1625,2.0
1626,1626,1.0
1627,1627,1.0
1628,1628,1.0
1629,1629,1.2
1630,1630,1.5
1631,1631,1.6
1632,1632,2.0
1633,1633,1.2
1634,1634,2.0
1635,1635,1.5
1636,1636,2.0
1637,1637,2.0
1638,1638,1.0
1639,1639,1.0
1640,1640,1.65
1641,1641,1.5
1642,1642,1.95
1643,1643,1.5
1644,1644,1.8
1645,1645,1.0
1646,1646,2.0
1647,1647,1.0
1648,1648,1.43
1649,1649,2.0
1650,1650,1.25
1651,1651,1.75
1652,1652,1.0
1653,1653,1.5
1654,1654,1.55
1655,1655,1.0
1656,1656,2.0
1657,1657,1.4
1658,1658,1.35
1659,1659,1.0
1660,1660,1.0
1661,1661,2.0
1662,1662,1.85
1663,1663,1.65
1664,1664,1.5
1665,1665,1.45
1666,1666,2.0
1667,1667,1.9
1668,1668,1.0
1669,1669,1.5
1670,1670,1.6
1671,1671,1.35
1672,1672,1.9
1673,1673,1.7
1674,1674,1.45
1675,1675,2.0
1676,1676,2.0
1677,1677,1.0
1678,1678,2.0
1679,1679,1.0
1680,1680,1.35
1681,1681,1.0
1682,1682,2.0
1683,1683,2.0
1684,1684,1.4
1685,1685,1.5
1686,1686,1.4
1687,1687,1.0
1688,1688,1.5
1689,1689,1.6
1690,1690,1.5
1691,1691,1.65
1692,1692,1.5
1693,1693,1.0
1694,1694,1.75
1695,1695,2.0
1696,1696,1.95
1697,1697,1.25
1698,1698,1.0
1699,1699,1.5
1700,1700,1.0
1701,1701,2.0
1702,1702,1.2
1703,1703,1.4
1704,1704,2.0
1705,1705,1.0
1706,1706,1.55
1707,1707,1.2
1708,1708,2.0
1709,1709,1.0
1710,1710,1.0
1711,1711,1.5
1712,1712,1.5
1713,1713,1.35
1714,1714,1.55
1715,1715,1.0
1716,1716,1.0
1717,1717,1.5
1718,1718,1.0
1719,1719,2.0
1720,1720,2.0
1721,1721,1.0
1722,1722,1.8
1723,1723,2.0
1724,1724,1.95
1725,1725,1.29
1726,1726,1.6
1727,1727,1.0
1728,1728,2.0
1729,1729,2.0
1730,1730,1.5
1731,1731,1.45
1732,1732,1.8
1733,1733,2.0
1734,1734,2.0
1735,1735,1.55
1736,1736,2.0
1737,1737,1.5
1738,1738,1.0
1739,1739,1.0
1740,1740,1.6
1741,1741,1.3
1742,1742,1.3
1743,1743,2.0
1744,1744,2.0
1745,1745,1.9
1746,1746,1.55
1747,1747,2.0
1748,1748,1.5
1749,1749,1.25
1750,1750,2.0
1751,1751,1.0
1752,1752,1.0
1753,1753,1.5
1754,1754,1.0
1755,1755,1.4
1756,1756,1.45
1757,1757,2.0
1758,1758,1.5
1759,1759,1.3
1760,1760,1.15
1761,1761,1.0
1762,1762,1.5
1763,1763,1.7
1764,1764,2.0
1765,1765,1.45
1766,1766,1.0
1767,1767,1.48
1768,1768,2.0
1769,1769,1.95
1770,1770,1.0
1771,1771,1.5
1772,1772,1.75
1773,1773,1.0
1774,1774,1.52
1775,1775,1.85
1776,1776,1.2
1777,1777,1.45
1778,1778,1.0
1779,1779,2.0
1780,1780,2.0
1781,1781,1.95
1782,1782,1.65
1783,1783,2.0
1784,1784,1.0
1785,1785,1.95
1786,1786,1.4
1787,1787,1.6
1788,1788,2.0
1789,1789,1.45
1790,1790,1.0
1791,1791,1.45
1792,1792,1.3
1793,1793,1.15
1794,1794,1.0
1795,1795,1.0
1796,1796,1.0
1797,1797,1.0
1798,1798,1.0
1799,1799,1.5
1800,1800,1.0
1801,1801,1.4
1802,1802,1.0
1803,1803,1.3
1804,1804,1.5
1805,1805,1.1
1806,1806,1.0
1807,1807,2.0
1808,1808,1.0
1809,1809,1.7
1810,1810,2.0
1811,1811,1.3
1812,1812,1.5
1813,1813,1.0
1814,1814,2.0
1815,1815,1.0
1816,1816,1.0
1817,1817,1.0
1818,1818,1.71
1819,1819,2.0
1820,1820,1.0
1821,1821,1.25
1822,1822,2.0
1823,1823,1.0
1824,1824,1.0
1825,1825,1.0
1826,1826,2.0
1827,1827,1.45
1828,1828,2.0
1829,1829,1.0
1830,1830,1.54
1831,1831,1.15
1832,1832,1.55
1833,1833,1.9
1834,1834,2.0
1835,1835,1.35
1836,1836,1.23
1837,1837,1.95
1838,1838,2.0
1839,1839,1.3
1840,1840,2.0
1841,1841,1.0
1842,1842,1.5
1843,1843,1.35
1844,1844,1.45
1845,1845,1.5
1846,1846,1.4
1847,1847,2.0
1848,1848,1.5
1849,1849,1.85
1850,1850,1.45
1851,1851,2.0
1852,1852,1.0
1853,1853,1.3
1854,1854,1.0
1855,1855,1.0
1856,1856,1.0
1857,1857,1.0
1858,1858,1.65
1859,1859,1.5
1860,1860,1.0
1861,1861,1.0
1862,1862,1.6
1863,1863,2.0
1864,1864,1.0
1865,1865,1.0
1866,1866,1.55
1867,1867,1.4
1868,1868,2.0
1869,1869,1.55
1870,1870,1.25
1871,1871,2.0
1872,1872,1.0
1873,1873,2.0
1874,1874,1.55
1875,1875,1.45
1876,1876,1.2
1877,1877,1.35
1878,1878,1.4
1879,1879,1.5
1880,1880,1.76
1881,1881,1.4
1882,1882,1.5
1883,1883,1.0
1884,1884,1.55
1885,1885,2.0
1886,1886,2.0
1887,1887,1.45
1888,1888,1.5
1889,1889,1.25
1890,1890,1.35
1891,1891,1.35
1892,1892,2.0
1893,1893,2.0
1894,1894,2.0
1895,1895,2.0
1896,1896,1.0
1897,1897,2.0
1898,1898,2.0
1899,1899,1.2
1900,1900,1.5
1901,1901,1.38
1902,1902,1.95
1903,1903,2.0
1904,1904,1.3
1905,1905,2.0
1906,1906,1.5
1907,1907,1.8
1908,1908,1.45
1909,1909,2.0
1910,1910,1.7
1911,1911,2.0
1912,1912,1.0
1913,1913,1.0
1914,1914,1.0
1915,1915,1.4
1916,1916,1.5
1917,1917,1.3
1918,1918,1.6
1919,1919,1.1
1920,1920,2.0
1921,1921,1.0
1922,1922,1.45
1923,1923,1.0
1924,1924,2.0
1925,1925,1.43
1926,1926,2.0
1927,1927,1.25
1928,1928,1.0
1929,1929,1.48
1930,1930,1.4
1931,1931,1.15
1932,1932,1.15
1933,1933,2.0
1934,1934,1.5
1935,1935,1.55
1936,1936,1.65
1937,1937,1.0
1938,1938,1.25
1939,1939,1.5
1940,1940,1.29
1941,1941,1.0
1942,1942,1.5
1943,1943,1.3
1944,1944,1.5
1945,1945,1.1
1946,1946,1.05
1947,1947,1.4
1948,1948,1.57
1949,1949,1.0
1950,1950,1.65
1951,1951,2.0
1952,1952,1.0
1953,1953,1.4
1954,1954,2.0
1955,1955,1.45
1956,1956,1.3
1957,1957,1.15
1958,1958,1.0
1959,1959,1.7
1960,1960,2.0
1961,1961,1.5
1962,1962,1.2
1963,1963,1.41
1964,1964,1.7
1965,1965,1.5
1966,1966,1.4
1967,1967,1.45
1968,1968,1.15
1969,1969,1.3
1970,1970,2.0
1971,1971,2.0
1972,1972,1.5
1973,1973,1.62
1974,1974,1.65
1975,1975,1.5
1976,1976,1.2
1977,1977,1.35
1978,1978,2.0
1979,1979,2.0
1980,1980,1.35
1981,1981,1.0
1982,1982,1.0
1983,1983,1.0
1984,1984,1.0
1985,1985,2.0
1986,1986,1.1
1987,1987,1.35
1988,1988,1.0
1989,1989,1.75
1990,1990,1.3
1991,1991,2.0
1992,1992,1.6
1993,1993,1.3
1994,1994,2.0
1995,1995,1.6
1996,1996,1.0
1997,1997,2.0
1998,1998,2.0
1999,1999,1.25
2000,2000,1.2
2001,2001,1.0
2002,2002,1.45
2003,2003,2.0
2004,2004,1.5
2005,2005,1.9
2006,2006,1.5
2007,2007,2.0
2008,2008,1.7
2009,2009,1.35
2010,2010,1.5
2011,2011,1.15
2012,2012,1.62
2013,2013,1.5
2014,2014,1.45
2015,2015,1.52
2016,2016,2.0
2017,2017,1.65
2018,2018,1.5
2019,2019,2.0
2020,2020,1.0
2021,2021,1.5
2022,2022,1.0
2023,2023,1.4
2024,2024,2.0
2025,2025,1.7
2026,2026,1.5
2027,2027,1.5
2028,2028,1.5
2029,2029,1.0
2030,2030,1.0
2031,2031,1.55
2032,2032,1.5
2033,2033,1.0
2034,2034,1.67
2035,2035,2.0
2036,2036,1.5
2037,2037,2.0
2038,2038,1.19
2039,2039,1.2
2040,2040,1.0
2041,2041,1.5
2042,2042,1.55
2043,2043,1.5
2044,2044,1.5
2045,2045,1.29
2046,2046,2.0
2047,2047,1.0
2048,2048,2.0
2049,2049,1.0
2050,2050,2.0
2051,2051,2.0
2052,2052,1.65
2053,2053,1.0
2054,2054,1.0
2055,2055,1.5
2056,2056,1.35
2057,2057,1.0
2058,2058,1.6
2059,2059,2.0
2060,2060,1.75
2061,2061,1.0
2062,2062,2.0
2063,2063,2.0
2064,2064,2.0
2065,2065,1.6
2066,2066,1.0
2067,2067,1.0
2068,2068,1.0
2069,2069,1.1
2070,2070,1.0
2071,2071,1.55
2072,2072,1.0
2073,2073,1.45
2074,2074,1.15
2075,2075,1.0
2076,2076,1.0
2077,2077,1.5
2078,2078,1.5
2079,2079,2.0
2080,2080,1.0
2081,2081,1.0
2082,2082,1.0
2083,2083,1.0
2084,2084,1.67
2085,2085,1.0
2086,2086,1.46
2087,2087,1.7
2088,2088,1.0
2089,2089,1.95
2090,2090,1.0
2091,2091,1.35
2092,2092,1.5
2093,2093,1.0
2094,2094,1.75
2095,2095,1.5
2096,2096,1.5
2097,2097,1.55
2098,2098,1.0
2099,2099,2.0
2100,2100,2.0
2101,2101,1.33
2102,2102,2.0
2103,2103,1.6
2104,2104,2.0
2105,2105,1.29
2106,2106,1.5
2107,2107,1.0
2108,2108,1.6
2109,2109,1.9
2110,2110,2.0
2111,2111,1.0
2112,2112,1.0
2113,2113,2.0
2114,2114,1.0
2115,2115,2.0
2116,2116,2.0
2117,2117,1.0
2118,2118,1.0
2119,2119,1.0
2120,2120,2.0
2121,2121,1.4
2122,2122,1.45
2123,2123,2.0
2124,2124,1.75
2125,2125,1.1
2126,2126,1.0
2127,2127,1.6
2128,2128,1.25
2129,2129,1.0
2130,2130,1.0
2131,2131,1.0
2132,2132,1.5
2133,2133,2.0
2134,2134,2.0
2135,2135,1.5
2136,2136,1.25
2137,2137,2.0
2138,2138,1.6
2139,2139,1.0
2140,2140,1.65
2141,2141,1.4
2142,2142,1.75
2143,2143,1.15
2144,2144,1.45
2145,2145,1.4
2146,2146,2.0
2147,2147,1.0
2148,2148,1.2
2149,2149,1.45
2150,2150,2.0
2151,2151,1.0
2152,2152,1.0
2153,2153,1.35
2154,2154,1.5
2155,2155,2.0
2156,2156,1.5
2157,2157,1.0
2158,2158,1.25
2159,2159,2.0
2160,2160,1.85
2161,2161,1.0
2162,2162,1.0
2163,2163,1.0
2164,2164,1.35
2165,2165,1.3
2166,2166,2.0
2167,2167,1.1
2168,2168,1.0
2169,2169,1.67
2170,2170,1.1
2171,2171,1.0
2172,2172,2.0
2173,2173,1.35
2174,2174,1.0
2175,2175,1.5
2176,2176,1.95
2177,2177,1.15
2178,2178,1.35
2179,2179,2.0
2180,2180,1.0
2181,2181,1.0
2182,2182,1.25
2183,2183,1.05
2184,2184,1.5
2185,2185,1.14
2186,2186,1.25
2187,2187,2.0
2188,2188,1.65
2189,2189,1.0
2190,2190,1.55
2191,2191,1.5
2192,2192,1.15
2193,2193,1.0
2194,2194,1.55
2195,2195,2.0
2196,2196,1.4
2197,2197,1.55
2198,2198,2.0
2199,2199,2.0
2200,2200,1.0
2201,2201,1.0
2202,2202,1.45
2203,2203,1.45
2204,2204,1.0
2205,2205,2.0
2206,2206,1.55
2207,2207,1.55
2208,2208,1.9
2209,2209,1.5
2210,2210,1.48
2211,2211,1.25
2212,2212,2.0
2213,2213,1.8
2214,2214,1.5
2215,2215,1.35
2216,2216,1.33
2217,2217,1.0
2218,2218,2.0
2219,2219,1.48
2220,2220,2.0
2221,2221,1.75
2222,2222,1.5
2223,2223,1.5
2224,2224,1.1
2225,2225,1.1
2226,2226,2.0
2227,2227,1.4
2228,2228,1.5
2229,2229,1.5
2230,2230,1.3
2231,2231,1.6
2232,2232,1.6
2233,2233,1.25
2234,2234,2.0
2235,2235,1.0
2236,2236,1.95
2237,2237,1.0
2238,2238,1.85
2239,2239,2.0
2240,2240,2.0
2241,2241,1.9
2242,2242,2.0
2243,2243,1.5
2244,2244,1.25
2245,2245,1.0
2246,2246,2.0
2247,2247,1.25
2248,2248,1.05
2249,2249,1.05
2250,2250,1.0
2251,2251,2.0
2252,2252,2.0
2253,2253,1.4
2254,2254,1.5
2255,2255,1.0
2256,2256,1.35
2257,2257,2.0
2258,2258,1.33
2259,2259,1.0
2260,2260,1.35
2261,2261,1.4
2262,2262,1.4
2263,2263,2.0
2264,2264,2.0
2265,2265,1.25
2266,2266,1.55
2267,2267,1.0
2268,2268,2.0
2269,2269,2.0
2270,2270,1.05
2271,2271,2.0
2272,2272,1.45
2273,2273,1.0
2274,2274,1.5
2275,2275,1.65
2276,2276,1.5
2277,2277,2.0
2278,2278,1.35
2279,2279,1.2
2280,2280,1.5
2281,2281,1.1
2282,2282,1.0
2283,2283,2.0
2284,2284,1.55
2285,2285,1.0
2286,2286,1.1
2287,2287,1.35
2288,2288,2.0
2289,2289,1.55
2290,2290,1.0
2291,2291,2.0
2292,2292,1.95
2293,2293,1.2
2294,2294,1.45
2295,2295,1.25
2296,2296,2.0
2297,2297,1.35
2298,2298,1.6
2299,2299,1.0
2300,2300,1.5
2301,2301,1.3
2302,2302,1.52
2303,2303,1.0
2304,2304,2.0
2305,2305,1.0
2306,2306,1.5
2307,2307,2.0
2308,2308,2.0
2309,2309,2.0
2310,2310,1.2
2311,2311,1.95
2312,2312,1.0
2313,2313,2.0
2314,2314,1.0
2315,2315,1.0
2316,2316,1.0
2317,2317,1.62
2318,2318,1.5
2319,2319,1.45
2320,2320,2.0
2321,2321,2.0
2322,2322,2.0
2323,2323,1.5
2324,2324,1.6
2325,2325,1.35
2326,2326,1.5
2327,2327,1.0
2328,2328,1.05
2329,2329,1.9
2330,2330,2.0
2331,2331,1.9
2332,2332,1.0
2333,2333,1.65
2334,2334,1.55
2335,2335,1.15
2336,2336,1.0
2337,2337,1.15
2338,2338,1.5
2339,2339,1.0
2340,2340,1.0
2341,2341,1.55
2342,2342,1.5
2343,2343,2.0
2344,2344,1.45
2345,2345,1.0
2346,2346,2.0
2347,2347,1.5
2348,2348,1.0
2349,2349,1.35
2350,2350,2.0
2351,2351,1.0
2352,2352,1.7
2353,2353,1.4
2354,2354,1.0
2355,2355,1.3
2356,2356,2.0
2357,2357,2.0
2358,2358,1.4
2359,2359,2.0
2360,2360,1.5
2361,2361,1.5
2362,2362,1.19
2363,2363,1.5
2364,2364,1.35
2365,2365,1.5
2366,2366,1.0
2367,2367,1.5
2368,2368,1.25
2369,2369,1.5
2370,2370,1.6
2371,2371,1.65
2372,2372,1.3
2373,2373,1.4
2374,2374,1.0
2375,2375,1.2
2376,2376,1.52
2377,2377,1.45
2378,2378,1.5
2379,2379,1.25
2380,2380,1.5
2381,2381,1.2
2382,2382,1.95
2383,2383,1.45
2384,2384,1.0
2385,2385,1.25
2386,2386,2.0
2387,2387,2.0
2388,2388,1.95
2389,2389,2.0
2390,2390,1.0
2391,2391,1.8
2392,2392,1.8
2393,2393,1.0
2394,2394,2.0
2395,2395,1.25
2396,2396,1.95
2397,2397,1.45
2398,2398,1.0
2399,2399,1.2
2400,2400,2.0
2401,2401,1.35
2402,2402,1.65
2403,2403,1.1
2404,2404,1.0
2405,2405,2.0
2406,2406,1.0
2407,2407,2.0
2408,2408,1.55
2409,2409,1.45
2410,2410,1.35
2411,2411,2.0
2412,2412,1.4
2413,2413,1.0
2414,2414,1.0
2415,2415,1.65
2416,2416,1.35
2417,2417,1.3
2418,2418,1.3
2419,2419,1.45
2420,2420,1.77
2421,2421,1.4
2422,2422,1.49
2423,2423,1.0
2424,2424,1.0
2425,2425,1.6
2426,2426,1.0
2427,2427,1.5
2428,2428,1.5
2429,2429,1.4
2430,2430,1.0
2431,2431,2.0
2432,2432,1.85
2433,2433,2.0
2434,2434,2.0
2435,2435,2.0
2436,2436,1.43
2437,2437,1.0
2438,2438,1.5
2439,2439,1.0
2440,2440,1.5
2441,2441,2.0
2442,2442,2.0
2443,2443,2.0
2444,2444,1.0
2445,2445,1.0
2446,2446,2.0
2447,2447,1.55
2448,2448,1.0
2449,2449,1.0
2450,2450,2.0
2451,2451,2.0
2452,2452,2.0
2453,2453,1.0
2454,2454,1.8
2455,2455,1.55
2456,2456,1.35
2457,2457,1.0
2458,2458,1.0
2459,2459,1.45
2460,2460,1.15
2461,2461,1.35
2462,2462,1.0
2463,2463,2.0
2464,2464,1.9
2465,2465,1.45
2466,2466,1.0
2467,2467,1.38
2468,2468,1.0
2469,2469,1.0
2470,2470,1.4
2471,2471,2.0
2472,2472,1.0
2473,2473,1.75
2474,2474,1.0
2475,2475,1.0
2476,2476,1.0
2477,2477,1.0
2478,2478,2.0
2479,2479,2.0
2480,2480,1.2
2481,2481,1.25
2482,2482,1.15
2483,2483,1.0
2484,2484,1.45
2485,2485,1.5
2486,2486,2.0
2487,2487,1.0
2488,2488,1.0
2489,2489,2.0
2490,2490,1.4
2491,2491,1.0
2492,2492,1.52
2493,2493,1.0
2494,2494,2.0
2495,2495,1.3
2496,2496,1.5
2497,2497,2.0
2498,2498,1.1
2499,2499,1.0
2500,2500,1.0
2501,2501,1.5
2502,2502,1.0
2503,2503,1.0
2504,2504,1.0
2505,2505,2.0
2506,2506,1.1
2507,2507,2.0
2508,2508,1.0
2509,2509,1.1
2510,2510,2.0
2511,2511,1.0
2512,2512,1.65
2513,2513,1.0
2514,2514,1.3
2515,2515,2.0
2516,2516,1.5
2517,2517,1.9
2518,2518,1.25
2519,2519,1.0
2520,2520,1.0
2521,2521,1.0
2522,2522,1.0
2523,2523,1.45
2524,2524,1.55
2525,2525,1.5
2526,2526,1.0
2527,2527,1.43
2528,2528,1.95
2529,2529,1.14
2530,2530,1.4
2531,2531,1.0
2532,2532,1.45
2533,2533,1.0
2534,2534,2.0
2535,2535,2.0
2536,2536,1.45
2537,2537,1.0
2538,2538,1.5
2539,2539,1.65
2540,2540,1.5
2541,2541,1.0
2542,2542,1.0
2543,2543,1.25
2544,2544,1.0
2545,2545,1.3
2546,2546,1.24
2547,2547,1.0
2548,2548,1.52
2549,2549,1.45
2550,2550,1.85
2551,2551,1.0
2552,2552,2.0
2553,2553,1.65
2554,2554,1.1
2555,2555,1.5
2556,2556,1.0
2557,2557,1.25
2558,2558,1.4
2559,2559,2.0
2560,2560,1.4
2561,2561,1.0
2562,2562,1.45
2563,2563,1.0
2564,2564,1.45
2565,2565,1.0
2566,2566,2.0
2567,2567,1.6
2568,2568,1.3
2569,2569,1.55
2570,2570,1.0
2571,2571,1.0
2572,2572,2.0
2573,2573,1.0
2574,2574,1.4
2575,2575,1.3
2576,2576,1.0
2577,2577,1.5
2578,2578,1.9
2579,2579,1.0
2580,2580,1.25
2581,2581,1.45
2582,2582,1.0
2583,2583,1.35
2584,2584,1.0
2585,2585,1.55
2586,2586,1.05
2587,2587,1.43
2588,2588,2.0
2589,2589,1.0
2590,2590,1.45
2591,2591,1.3
2592,2592,1.5
2593,2593,1.9
2594,2594,1.3
2595,2595,1.62
2596,2596,1.0
2597,2597,1.5
2598,2598,2.0
2599,2599,1.0
2600,2600,1.0
2601,2601,2.0
2602,2602,2.0
2603,2603,2.0
2604,2604,1.0
2605,2605,1.5
2606,2606,2.0
2607,2607,1.0
2608,2608,1.5
2609,2609,1.25
2610,2610,1.0
2611,2611,1.86
2612,2612,1.44
2613,2613,1.3
2614,2614,1.4
2615,2615,1.45
2616,2616,1.55
2617,2617,1.0
2618,2618,1.9
2619,2619,1.65
2620,2620,2.0
2621,2621,1.0
2622,2622,1.45
2623,2623,1.0
2624,2624,1.25
2625,2625,2.0
2626,2626,1.75
2627,2627,2.0
2628,2628,1.0
2629,2629,1.0
2630,2630,1.38
2631,2631,1.8
2632,2632,2.0
2633,2633,2.0
2634,2634,1.0
2635,2635,1.0
2636,2636,2.0
2637,2637,2.0
2638,2638,1.0
2639,2639,1.5
2640,2640,1.05
2641,2641,2.0
2642,2642,1.0
2643,2643,1.15
2644,2644,2.0
2645,2645,2.0
2646,2646,2.0
2647,2647,1.3
2648,2648,1.5
2649,2649,1.45
2650,2650,1.0
2651,2651,2.0
2652,2652,1.95
2653,2653,1.0
2654,2654,1.0
2655,2655,1.2
2656,2656,1.0
2657,2657,1.0
2658,2658,1.0
2659,2659,1.75
2660,2660,2.0
2661,2661,2.0
2662,2662,1.15
2663,2663,1.0
2664,2664,1.6
2665,2665,1.0
2666,2666,1.5
2667,2667,1.25
2668,2668,1.8
2669,2669,2.0
2670,2670,2.0
2671,2671,1.55
2672,2672,2.0
2673,2673,1.5
2674,2674,1.5
2675,2675,1.0
2676,2676,2.0
2677,2677,1.25
2678,2678,1.45
2679,2679,1.1
2680,2680,1.0
2681,2681,1.5
2682,2682,1.0
2683,2683,1.0
2684,2684,2.0
2685,2685,2.0
2686,2686,1.0
2687,2687,1.0
2688,2688,1.0
2689,2689,1.45
2690,2690,1.65
2691,2691,2.0
2692,2692,2.0
2693,2693,1.2
2694,2694,1.29
2695,2695,1.6
2696,2696,1.35
2697,2697,1.0
2698,2698,1.55
2699,2699,2.0
2700,2700,2.0
2701,2701,1.0
2702,2702,2.0
2703,2703,1.0
2704,2704,2.0
2705,2705,1.4
2706,2706,2.0
2707,2707,1.35
2708,2708,1.0
2709,2709,1.95
2710,2710,2.0
2711,2711,1.15
2712,2712,1.15
2713,2713,1.5
2714,2714,1.7
2715,2715,1.0
2716,2716,1.45
2717,2717,2.0
2718,2718,1.5
2719,2719,1.5
2720,2720,1.38
2721,2721,1.0
2722,2722,1.67
2723,2723,1.0
2724,2724,1.0
2725,2725,2.0
2726,2726,2.0
2727,2727,1.5
2728,2728,1.0
2729,2729,1.3
2730,2730,1.5
2731,2731,2.0
2732,2732,1.95
2733,2733,2.0
2734,2734,1.5
2735,2735,1.1
2736,2736,1.0
2737,2737,1.0
2738,2738,1.0
2739,2739,1.5
2740,2740,1.35
2741,2741,1.0
2742,2742,2.0
2743,2743,1.45
2744,2744,1.0
2745,2745,2.0
2746,2746,1.55
2747,2747,2.0
2748,2748,1.7
2749,2749,1.3
2750,2750,1.1
2751,2751,2.0
2752,2752,2.0
2753,2753,1.4
2754,2754,1.5
2755,2755,1.5
2756,2756,1.5
2757,2757,1.0
2758,2758,1.5
2759,2759,1.0
2760,2760,1.57
2761,2761,1.29
2762,2762,1.5
2763,2763,1.65
2764,2764,1.5
2765,2765,1.45
2766,2766,2.0
2767,2767,1.75
2768,2768,1.0
2769,2769,2.0
2770,2770,1.45
2771,2771,2.0
2772,2772,1.0
2773,2773,1.5
2774,2774,1.4
2775,2775,1.0
2776,2776,1.2
2777,2777,1.35
2778,2778,1.25
2779,2779,1.0
2780,2780,1.2
2781,2781,1.0
2782,2782,1.3
2783,2783,1.0
2784,2784,1.45
2785,2785,1.52
2786,2786,1.43
2787,2787,1.15
2788,2788,1.05
2789,2789,1.5
2790,2790,1.0
2791,2791,1.0
2792,2792,2.0
2793,2793,1.57
2794,2794,1.0
2795,2795,1.7
2796,2796,1.0
2797,2797,1.6
2798,2798,2.0
2799,2799,1.55
2800,2800,1.4
2801,2801,1.0
2802,2802,2.0
2803,2803,1.4
2804,2804,1.64
2805,2805,1.3
2806,2806,2.0
2807,2807,1.35
2808,2808,1.5
2809,2809,1.0
2810,2810,1.4
2811,2811,1.35
2812,2812,1.75
2813,2813,1.5
2814,2814,1.5
2815,2815,1.35
2816,2816,2.0
2817,2817,1.15
2818,2818,1.0
2819,2819,2.0
2820,2820,2.0
2821,2821,2.0
2822,2822,1.0
2823,2823,2.0
2824,2824,1.5
2825,2825,1.67
2826,2826,1.0
2827,2827,1.45
2828,2828,1.0
2829,2829,2.0
2830,2830,2.0
2831,2831,1.5
2832,2832,2.0
2833,2833,1.35
2834,2834,1.0
2835,2835,2.0
2836,2836,2.0
2837,2837,1.55
2838,2838,1.0
2839,2839,1.25
2840,2840,1.3
2841,2841,2.0
2842,2842,1.0
2843,2843,1.0
2844,2844,1.0
2845,2845,1.7
2846,2846,1.0
2847,2847,1.5
2848,2848,1.55
2849,2849,1.5
2850,2850,1.3
2851,2851,1.5
2852,2852,1.0
2853,2853,1.3
2854,2854,2.0
2855,2855,1.0
2856,2856,1.5
2857,2857,2.0
2858,2858,1.85
2859,2859,2.0
2860,2860,1.05
2861,2861,1.4
2862,2862,1.55
2863,2863,1.75
2864,2864,2.0
2865,2865,2.0
2866,2866,1.0
2867,2867,1.5
2868,2868,1.7
2869,2869,1.43
2870,2870,1.45
2871,2871,1.23
2872,2872,1.0
2873,2873,1.0
2874,2874,1.35
2875,2875,1.0
2876,2876,1.0
2877,2877,1.52
2878,2878,1.14
2879,2879,1.29
2880,2880,1.0
2881,2881,1.5
2882,2882,1.4
2883,2883,1.45
2884,2884,1.0
2885,2885,2.0
2886,2886,1.25
2887,2887,1.45
2888,2888,1.2
2889,2889,2.0
2890,2890,1.85
2891,2891,1.38
2892,2892,1.05
2893,2893,1.62
2894,2894,1.0
2895,2895,1.57
2896,2896,1.0
2897,2897,1.7
2898,2898,1.05
2899,2899,1.45
2900,2900,1.05
2901,2901,1.0
2902,2902,2.0
2903,2903,1.0
2904,2904,1.5
2905,2905,1.1
2906,2906,2.0
2907,2907,1.0
2908,2908,2.0
2909,2909,1.0
2910,2910,1.7
2911,2911,1.29
2912,2912,1.0
2913,2913,1.32
2914,2914,2.0
2915,2915,1.0
2916,2916,1.25
2917,2917,2.0
2918,2918,1.2
2919,2919,1.0
2920,2920,1.55
2921,2921,1.5
2922,2922,1.0
2923,2923,1.0
2924,2924,1.0
2925,2925,1.25
2926,2926,1.0
2927,2927,1.5
2928,2928,1.45
2929,2929,1.0
2930,2930,1.7
2931,2931,1.5
2932,2932,1.5
2933,2933,1.85
2934,2934,1.55
2935,2935,1.5
2936,2936,1.5
2937,2937,1.65
2938,2938,2.0
2939,2939,2.0
2940,2940,1.2
2941,2941,1.05
2942,2942,1.0
2943,2943,1.35
2944,2944,1.4
2945,2945,2.0
2946,2946,1.0
2947,2947,1.0
2948,2948,1.65
2949,2949,1.5
2950,2950,1.5
2951,2951,1.0
2952,2952,1.2
2953,2953,1.9
2954,2954,1.0
2955,2955,1.0
2956,2956,2.0
2957,2957,1.5
2958,2958,2.0
2959,2959,1.95
2960,2960,1.48
2961,2961,1.7
2962,2962,1.0
2963,2963,1.5
2964,2964,1.25
2965,2965,1.76
2966,2966,1.6
2967,2967,1.4
2968,2968,1.05
2969,2969,1.29
2970,2970,2.0
2971,2971,2.0
2972,2972,2.0
2973,2973,1.75
2974,2974,1.59
2975,2975,1.0
2976,2976,1.0
2977,2977,1.7
2978,2978,1.9
2979,2979,2.0
2980,2980,1.0
2981,2981,1.0
2982,2982,1.5
2983,2983,1.5
2984,2984,1.5
2985,2985,2.0
2986,2986,1.5
2987,2987,1.81
2988,2988,2.0
2989,2989,1.0
2990,2990,1.15
2991,2991,1.0
2992,2992,2.0
2993,2993,1.65
2994,2994,1.5
2995,2995,2.0
2996,2996,1.74
2997,2997,1.29
2998,2998,1.2
2999,2999,2.0
